cid,mean_accuracy,rounds,total_examples
10981340529864736220,0.3668,5,5000
16103813087167264507,0.3604,5,5000
15072697119482821416,0.3496,5,5000
5032336586354105895,0.34900000000000003,5,5000
11712441211371132933,0.3452,5,5000
3697429367492572166,0.3428,5,5000
17662024222499876865,0.3378,5,5000
6506889501066305439,0.3316,5,5000
10260545904023995825,0.3268,5,5000
2960276532189306276,0.32599999999999996,5,5000
