cid,mean_accuracy,rounds,total_examples
5708548386850869356,0.3536,5,5000
14012812629543528272,0.3494,5,5000
9756256638545361834,0.3476,5,5000
18023369722842150475,0.33599999999999997,5,5000
1221193969763801637,0.3352,5,5000
8325930507621154547,0.3296,5,5000
10088892486162868974,0.32799999999999996,5,5000
3559140092632125043,0.32639999999999997,5,5000
15232584447919544189,0.3242,5,5000
1623353056166874342,0.3218,5,5000
