round,global_accuracy,num_clients,clients_with_drift
1,0.14842578710644677,10,
2,0.22598700649675163,10,
3,0.304447776111944,10,
4,0.32413793103448274,10,
5,0.35602198900549725,10,
1,0.1868,10,11492416230241139162;15237792658293591359;16003070085149901394;18390723195292054257;2483833916664771192;3663558836569798142;4645719194315884732;5180397749826454658;7252671788286299664;733081246216446023
2,0.2863,10,11492416230241139162;15237792658293591359;16003070085149901394;18390723195292054257;2483833916664771192;3663558836569798142;4645719194315884732;7252671788286299664;733081246216446023
