cid,mean_accuracy,rounds,total_examples
4062026278603254354,0.28419999999999995,5,5000
13825422492818867239,0.2826,5,5000
2440836094340974621,0.2812,5,5000
1664434927141655032,0.271,5,5000
17286083164062184269,0.26799999999999996,5,5000
12312414366893743782,0.267,5,5000
13705337383065737021,0.26639999999999997,5,5000
2681945631632115902,0.266,5,5000
17569831475154399921,0.259,5,5000
7567238104375993239,0.25139999999999996,5,5000
