round,global_accuracy,num_clients,clients_with_drift
1,0.13413293353323338,10,7200135465060044478
2,0.22538730634682658,10,7200135465060044478
3,0.2809595202398801,10,7200135465060044478
4,0.3426286856571714,10,
5,0.36751624187906046,10,
