round,global_accuracy,num_clients,clients_with_drift
1,0.14842578710644677,10,
2,0.22598700649675163,10,
3,0.304447776111944,10,
4,0.32413793103448274,10,
5,0.35602198900549725,10,
