round,global_accuracy,num_clients,clients_with_drift
1,0.10994502748625687,10,11112625590484719063;2193964611443070313;6712568636573021734;7216341233740638477
2,0.22768615692153923,10,11112625590484719063;12728652355365990964;18317852734208303973;2193964611443070313;5472249133236609453;6712568636573021734;6891996131442191856;7216341233740638477;7964017750501141954
3,0.3060469765117441,10,11112625590484719063;12728652355365990964;13633092667854092121;18317852734208303973;2193964611443070313;5472249133236609453;6712568636573021734;6891996131442191856;7216341233740638477;7964017750501141954
4,0.34002998500749626,10,11112625590484719063;12728652355365990964;13633092667854092121;18317852734208303973;2193964611443070313;5472249133236609453;6891996131442191856;7216341233740638477;7964017750501141954
5,0.38220889555222387,10,11112625590484719063;12728652355365990964;13633092667854092121;18317852734208303973;2193964611443070313;5472249133236609453;6891996131442191856;7216341233740638477;7964017750501141954
