round,global_accuracy,num_clients,clients_with_drift
1,0.1006496751624188,10,
2,0.2369815092453773,10,
3,0.3039480259870065,10,
4,0.3353323338330835,10,
5,0.36081959020489757,10,
