round,global_accuracy,num_clients,clients_with_drift
1,0.15252373813093453,10,11503899704992018176
2,0.20579710144927535,10,11503899704992018176
3,0.3148425787106447,10,
4,0.34132933533233384,10,11503899704992018176
5,0.3852073963018491,10,11503899704992018176
