round,global_accuracy,num_clients,clients_with_drift
1,0.12563718140929536,10,
2,0.2187906046976512,10,
3,0.295952023988006,10,
4,0.32283858070964516,10,
5,0.3551224387806097,10,
